this is a sample filler text 003; 1
this is a sample filler text 003; 5
this is a sample filler text 004; 2
this is a sample filler text 007; 1
this is a sample filler text 006; 7
this is a sample filler text 007; 3
this is a sample filler text 012; 8
this is a sample filler text 011; 1
this is a sample filler text 012; 10
this is a sample filler text 015; 1
this is a sample filler text 014; 1
this is a sample filler text 015; 7
this is a sample filler text 020; 4
this is a sample filler text 017; 2
this is a sample filler text 020; 2
this is a sample filler text 023; 1
this is a sample filler text 022; 1
this is a sample filler text 023; 1
this is a sample filler text 026; 3
this is a sample filler text 025; 1
this is a sample filler text 026; 1
this is a sample filler text 031; 3
this is a sample filler text 030; 1
this is a sample filler text 031; 1
this is a sample filler text 034; 3
this is a sample filler text 033; 1
this is a sample filler text 034; 1
this is a sample filler text 036; 3
this is a sample filler text 037; 1
this is a sample filler text 037; 1
this is a sample filler text 040; 3
this is a sample filler text 043; 1
this is a sample filler text 042; 1
this is a sample filler text 043; 3
this is a sample filler text 045; 2
this is a sample filler text 045; 1
this is a sample filler text 046; 3
this is a sample filler text 047; 3
this is a sample filler text 050; 1
this is a sample filler text 051; 2
this is a sample filler text 052; 3
this is a sample filler text 053; 1
this is a sample filler text 054; 1
